Workbook

Sheet Prestataires
A1: COGIP / Tesker — Tableau de bord de pilotage des prestataires
A2: MSPR TPRE961 — Bloc 2 — Infrastructure Kubernetes (PoC Odoo). Données illustratives à adapter.
A4: Prestataire | B4: Catégorie | C4: Nature de la prestation | D4: Contact | E4: Criticité | F4: SLA cible (dispo) | G4: Dispo réelle | H4: Coût mensuel (€) | I4: Coût annuel (€) | J4: Taux pénalité | K4: Pénalité due (€) | L4: Statut SLA | M4: Début contrat | N4: Fin contrat | P4: Fréquence de suivi
A5: Scaleway | B5: Hébergement cloud | C5: Cluster Kubernetes managé (Kapsule) — production | D5: support@scaleway.com | E5: Critique | F5: 0.997 | G5: 0.9982 | H5: 1850 | I5: =H5*12 -> 22200 | J5: 0.05 | K5: =IF(G5<F5,I5*J5,0) -> 0 | L5: =IF(G5>=F5,"Conforme","Non conforme") -> Conforme | M5: 2026-01-01 | N5: 2026-12-31 | P5: Hebdomadaire
A6: OVHcloud | B6: Hébergement / Backup | C6: VMs de secours + sauvegardes PRA hors-site | D6: support@ovhcloud.com | E6: Critique | F6: 0.995 | G6: 0.9991 | H6: 920 | I6: =H6*12 -> 11040 | J6: 0.05 | K6: =IF(G6<F6,I6*J6,0) -> 0 | L6: =IF(G6>=F6,"Conforme","Non conforme") -> Conforme | M6: 2026-01-01 | N6: 2026-12-31 | P6: Hebdomadaire
A7: Cloudflare | B7: Réseau / Sécurité | C7: DNS, WAF, terminaison TLS (Let's Encrypt) | D7: support@cloudflare.com | E7: Important | F7: 0.999 | G7: 0.9997 | H7: 210 | I7: =H7*12 -> 2520 | J7: 0.03 | K7: =IF(G7<F7,I7*J7,0) -> 0 | L7: =IF(G7>=F7,"Conforme","Non conforme") -> Conforme | M7: 2026-02-01 | N7: 2027-01-31 | P7: Mensuel
A8: Odoo S.A. | B8: Éditeur logiciel | C8: Support ERP Odoo Enterprise + montées de version | D8: support@odoo.com | E8: Important | F8: 0.99 | G8: 0.9985 | H8: 640 | I8: =H8*12 -> 7680 | J8: 0.02 | K8: =IF(G8<F8,I8*J8,0) -> 0 | L8: =IF(G8>=F8,"Conforme","Non conforme") -> Conforme | M8: 2026-01-15 | N8: 2027-01-14 | P8: Mensuel
A9: Canonical | B9: Support OS | C9: Support Ubuntu LTS (sécurité, noyau) | D9: support@canonical.com | E9: Standard | F9: 0.98 | G9: 0.992 | H9: 380 | I9: =H9*12 -> 4560 | J9: 0.02 | K9: =IF(G9<F9,I9*J9,0) -> 0 | L9: =IF(G9>=F9,"Conforme","Non conforme") -> Conforme | M9: 2026-01-01 | N9: 2026-12-31 | P9: Mensuel
A10: InfoGérance SARL | B10: Infogérance (TMA) | C10: Run, supervision 24/7, astreinte cluster | D10: contact@infogerance.fr | E10: Critique | F10: 0.995 | G10: 0.9938 | H10: 2400 | I10: =H10*12 -> 28800 | J10: 0.08 | K10: =IF(G10<F10,I10*J10,0) -> 2304 | L10: =IF(G10>=F10,"Conforme","Non conforme") -> Non conforme | M10: 2026-03-01 | N10: 2027-02-28 | P10: Journalier
A11: TOTAL / MOYENNE | F11: =AVERAGE(F5:F10) -> 0.99266667 | G11: =AVERAGE(G5:G10) -> 0.99688333 | H11: =SUM(H5:H10) -> 6400 | I11: =SUM(I5:I10) -> 76800 | K11: =SUM(K5:K10) -> 2304

Sheet Synthèse
A1: Synthèse & indicateurs de pilotage
A3: Nombre de prestataires | D3: Coût annuel total | G3: SLA cible moyen
A4: =COUNTA(Prestataires!A5:A10) -> 6 | D4: =Prestataires!I11 -> 76800 | G4: =Prestataires!F11 -> 0.99266667
A6: Dispo réelle moyenne | D6: Pénalités dues (€) | G6: Prestataires non conformes
A7: =Prestataires!G11 -> 0.99688333 | D7: =Prestataires!K11 -> 2304 | G7: =COUNTIF(Prestataires!L5:L10,"Non conforme") -> 1
A10: Analyse croisée — par catégorie de prestation
A11: Catégorie | B11: Nb prestataires | C11: Coût annuel (€) | D11: Pénalités (€) | E11: % du coût total
A12: Hébergement cloud | B12: =COUNTIF(Prestataires!B$5:B$10,A12) -> 1 | C12: =SUMIF(Prestataires!B$5:B$10,A12,Prestataires!I$5:I$10) -> 22200 | D12: =SUMIF(Prestataires!B$5:B$10,A12,Prestataires!K$5:K$10) -> 0 | E12: =C12/$C$18 -> 0.2890625
A13: Hébergement / Backup | B13: =COUNTIF(Prestataires!B$5:B$10,A13) -> 1 | C13: =SUMIF(Prestataires!B$5:B$10,A13,Prestataires!I$5:I$10) -> 11040 | D13: =SUMIF(Prestataires!B$5:B$10,A13,Prestataires!K$5:K$10) -> 0 | E13: =C13/$C$18 -> 0.14375
A14: Réseau / Sécurité | B14: =COUNTIF(Prestataires!B$5:B$10,A14) -> 1 | C14: =SUMIF(Prestataires!B$5:B$10,A14,Prestataires!I$5:I$10) -> 2520 | D14: =SUMIF(Prestataires!B$5:B$10,A14,Prestataires!K$5:K$10) -> 0 | E14: =C14/$C$18 -> 0.0328125
A15: Éditeur logiciel | B15: =COUNTIF(Prestataires!B$5:B$10,A15) -> 1 | C15: =SUMIF(Prestataires!B$5:B$10,A15,Prestataires!I$5:I$10) -> 7680 | D15: =SUMIF(Prestataires!B$5:B$10,A15,Prestataires!K$5:K$10) -> 0 | E15: =C15/$C$18 -> 0.1
A16: Support OS | B16: =COUNTIF(Prestataires!B$5:B$10,A16) -> 1 | C16: =SUMIF(Prestataires!B$5:B$10,A16,Prestataires!I$5:I$10) -> 4560 | D16: =SUMIF(Prestataires!B$5:B$10,A16,Prestataires!K$5:K$10) -> 0 | E16: =C16/$C$18 -> 0.059375
A17: Infogérance (TMA) | B17: =COUNTIF(Prestataires!B$5:B$10,A17) -> 1 | C17: =SUMIF(Prestataires!B$5:B$10,A17,Prestataires!I$5:I$10) -> 28800 | D17: =SUMIF(Prestataires!B$5:B$10,A17,Prestataires!K$5:K$10) -> 2304 | E17: =C17/$C$18 -> 0.375
A18: Total | B18: =SUM(B12:B17) -> 6 | C18: =SUM(C12:C17) -> 76800 | D18: =SUM(D12:D17) -> 2304 | E18: =C18/C18 -> 1
